{"cameraMode":{"drawMode":0,"name":"Shaded","section":"Shading Mode"},"sceneLighting":true,"audioPlay":false,"sceneViewState":{"showFog":true,"showMaterialUpdate":false,"showSkybox":true,"showFlares":true,"showImageEffects":true,"showParticleSystems":true},"in2DMode":false,"pivot":{"x":0.062810018658638,"y":-1.9441826343536378,"z":11.202899932861329},"rotation":{"x":-0.10064712166786194,"y":0.00770226214081049,"z":-0.0012106546200811864,"w":-0.9950527548789978},"size":10.0,"orthographic":false}