{"cameraMode":{"drawMode":0,"name":"Shaded","section":"Shading Mode"},"sceneLighting":true,"audioPlay":false,"sceneViewState":{"showFog":true,"showMaterialUpdate":false,"showSkybox":true,"showFlares":true,"showImageEffects":true,"showParticleSystems":true},"in2DMode":false,"pivot":{"x":-1.4722195863723755,"y":-1.6551419496536255,"z":2.983863592147827},"rotation":{"x":-0.2728332579135895,"y":-0.10063602030277252,"z":0.028347758576273919,"w":-0.956564724445343},"size":10.0,"orthographic":false}